-- courses
insert into course (cid, name) values ('assign-di', 'Data and Information Assignments');
insert into course (cid, name) values ('utwente-di', 'Data and Information Project');
insert into course (cid, name) values ('utwente-ds', 'Data Science');
insert into course (cid, name) values ('utwente-ir', 'Information Retrieval');
insert into course (cid, name) values ('utwente-mdb', 'Managing Big Data');
-- students
insert into student (sid, studentNr, realname, email) values ('djoerd', 'm76426485', 'Djoerd Hiemstra', 'hiemstra@cs.utwente.nl');
insert into student (sid, studentNr, realname, email) values ('lferreirapires', 'm72983120', 'Luis Ferreira Pires', 'pires@cs.utwente.nl');
insert into student (sid, studentNr, realname) values ('11gamer11', 's1482785', 'Jeroen Waals');
insert into student (sid, studentNr, realname) values ('aaronjoshua1995', 's1442627', 'Joshua de Bie');
insert into student (sid, studentNr, realname) values ('Abby1095', 's1422081', 'Abigail Egbreghts');
insert into student (sid, studentNr, realname) values ('Aedesymen', 's1479679', 'Æde Symen Hoekstra');
insert into student (sid, studentNr, realname) values ('Appeljus', 's1470108', 'Martijn de Bijl');
insert into student (sid, studentNr, realname) values ('AxelVugts', 's1459570', 'Axel Vugts');
insert into student (sid, studentNr, realname) values ('Bash-', 's1480200', 'Bas Hendrikse');
insert into student (sid, studentNr, realname) values ('basUT', 's1453513', 'Bas Jansen');
insert into student (sid, studentNr, realname) values ('bcvs', 's1497944', 'Bas van t Spijker');
insert into student (sid, studentNr, realname) values ('bjorngoossens', 's1423967', 'Bjorn Goossens');
insert into student (sid, studentNr, realname) values ('bobismijnnaam', 's1443534', 'Bob Rubbens');
insert into student (sid, studentNr, realname) values ('CamilioD', 's0195006', 'Camilio Delfgaauw');
insert into student (sid, studentNr, realname) values ('christianversloot', 's1487353', 'Christian Versloot');
insert into student (sid, studentNr, realname) values ('ChrisVasShiver', 's1329146', 'Christiaan Visscher');
insert into student (sid, studentNr, realname) values ('CrossMark', 's1460536', 'Mark van Kruistum');
insert into student (sid, studentNr, realname) values ('DennisdeW', 's1420321', 'Dennis de Weerdt');
insert into student (sid, studentNr, realname) values ('Dikkeboshond', 's1121502', 'Christiaan Haas');
insert into student (sid, studentNr, realname) values ('Djekkoo', 's1423290', 'Jacco Brandt');
insert into student (sid, studentNr, realname) values ('dylanye', 's1495100', 'Dylan Ye');
insert into student (sid, studentNr, realname) values ('emielsteerneman', 's1499262', 'Emiel Steerneman');
insert into student (sid, studentNr, realname) values ('Ertruby', 's1496468', 'Mark van Doesum');
insert into student (sid, studentNr, realname) values ('exofes', 's1470531', 'Joachim Roeleveld');
insert into student (sid, studentNr, realname) values ('Fireblade75', 's1493841', 'Arnold Averink');
insert into student (sid, studentNr, realname) values ('flomatable', 's1462792', 'Florian Mansvelder');
insert into student (sid, studentNr, realname) values ('FlorianFFF', 's1408062', 'Florian Fikkert');
insert into student (sid, studentNr, realname) values ('fluffy-unicorn', 's1500376', 'Matthijs van Helden');
insert into student (sid, studentNr, realname) values ('FrankBloo', 's1498770', 'Frank Bloo');
insert into student (sid, studentNr, realname) values ('FrankRuis', 's1483331', 'Frank Ruis');
insert into student (sid, studentNr, realname) values ('FrostingNL', 's1472348', 'Jeroen Klein Brinke');
insert into student (sid, studentNr, realname) values ('Fullhdpixel', 's1421689', 'Thijs Smudde');
insert into student (sid, studentNr, realname) values ('GerwinP', 's1487779', 'Gerwin Puttenstein');
insert into student (sid, studentNr, realname) values ('HuubvanWieren', 's1475339', 'Huub van Wieren');
insert into student (sid, studentNr, realname) values ('Inf1n1te', 's1375253', 'Tim Kerkhoven');
insert into student (sid, studentNr, realname) values ('IrisRobin', 's1413228', 'Iris Heerlien');
insert into student (sid, studentNr, realname) values ('Jannyboy11', 's1466518', 'Jan Boerman');
insert into student (sid, studentNr, realname) values ('JB940', 's1459155', 'Jordy Brinks');
insert into student (sid, studentNr, realname) values ('jeroenrad', 's1499645', 'Jeroen Radstaak');
insert into student (sid, studentNr, realname) values ('joerikock', 's1440195', 'Joeri Kock');
insert into student (sid, studentNr, realname) values ('JoeyJo0', 's1417541', 'Joey Haas');
insert into student (sid, studentNr, realname) values ('Joozie', 's1468154', 'Joyce Pebesma');
insert into student (sid, studentNr, realname) values ('Josje1993', 's1423037', 'Josje van t Padje');
insert into student (sid, studentNr, realname) values ('Jurjenbraam', 's1504061', 'Jurjen Braam');
insert into student (sid, studentNr, realname) values ('KevKev1', 's1490443', 'Kevin Hetterscheid');
insert into student (sid, studentNr, realname) values ('kimberlyh', 's1305093', 'Kimberly Hengst');
insert into student (sid, studentNr, realname) values ('Kurocon', 's1454145', 'Kevin Alberts');
insert into student (sid, studentNr, realname) values ('Lampen12', 's1480464', 'Joël Gugler');
insert into student (sid, studentNr, realname) values ('LaurensRouw', 's1498207', 'Laurens Rouw');
insert into student (sid, studentNr, realname) values ('Magnificus36', 's0200204', 'Frans van Dijk');
insert into student (sid, studentNr, realname) values ('MartijnVerkleij', 's1466895', 'Martijn Verkleij');
insert into student (sid, studentNr, realname) values ('Martinootje', 's1460110', 'Martijn Gemmink');
insert into student (sid, studentNr, realname) values ('michielham', 's1117009', 'Michiel Hamilton');
insert into student (sid, studentNr, realname) values ('michieltebraake', 's1483900', 'Michiel te Braake');
insert into student (sid, studentNr, realname) values ('m-willemsen', 's1451502', 'Martijn Willemsen');
insert into student (sid, studentNr, realname) values ('naemesis', 's1485717', 'Bart Stam');
insert into student (sid, studentNr, realname) values ('nickkruiter', 's1499475', 'Nick Kruiter');
insert into student (sid, studentNr, realname) values ('NicoleOonk', 's1436414', 'Nicole Oonk');
insert into student (sid, studentNr, realname) values ('Niomaster', 's1481304', 'Pieter Bos');
insert into student (sid, studentNr, realname) values ('OlafHaalstra', 's1482041', 'Olaf Haalstra');
insert into student (sid, studentNr, realname) values ('paulafelix', 's1466461', 'Paula Felix');
insert into student (sid, studentNr, realname) values ('Pietvergiet', 's1500430', 'Frank Bruggink');
insert into student (sid, studentNr, realname) values ('Plan1130', 's1484613', 'Sander Koning');
insert into student (sid, studentNr, realname) values ('QWolf', 's1493256', 'Peter Schroten');
insert into student (sid, studentNr, realname) values ('ramononis', 's1461176', 'Ramon Onis');
insert into student (sid, studentNr, realname) values ('reaxer', 's1469800', 'Sander Wiselius');
insert into student (sid, studentNr, realname) values ('remcconen', 's1444859', 'Remco Brunsveld');
insert into student (sid, studentNr, realname) values ('ReneNijhuis', 's1468677', 'René Nijhuis');
insert into student (sid, studentNr, realname) values ('rensdikkepens', 's1480219', 'Rens van Schouwenburg');
insert into student (sid, studentNr, realname) values ('Reycs', 's1499599', 'Ruben Haasjes');
insert into student (sid, studentNr, realname) values ('RickH18', 's1367269', 'Rick Harms');
insert into student (sid, studentNr, realname) values ('RobvEmous', 's1470647', 'Rob van Emous');
insert into student (sid, studentNr, realname) values ('rubengrootroessink', 's1468642', 'Ruben Groot Roessink');
insert into student (sid, studentNr, realname) values ('sjoewert300', 's1496182', 'Yuri van Midden');
insert into student (sid, studentNr, realname) values ('Sophietje', 's1460501', 'Sophie Lathouwers');
insert into student (sid, studentNr, realname) values ('Squarion', 's1255266', 'David Lieffijn');
insert into student (sid, studentNr, realname) values ('stefaniestevens', 's1231618', 'Stefanie Stevens');
insert into student (sid, studentNr, realname) values ('StephanMB', 's1359185', 'Stephan Braams');
insert into student (sid, studentNr, realname) values ('suodeth', 's1469479', 'Niels Kooij');
insert into student (sid, studentNr, realname) values ('swordiemen', 's1467727', 'Tim Blok');
insert into student (sid, studentNr, realname) values ('Telluur', 's1483870', 'Rick Fontein');
insert into student (sid, studentNr, realname) values ('thierry-sterrenburg', 's1454897', 'Thierry Sterrenburg');
insert into student (sid, studentNr, realname) values ('Thommie94boy', 's1462431', 'Thomas Raaijen');
insert into student (sid, studentNr, realname) values ('Tim108', 's1465252', 'Tim Sonderen');
insert into student (sid, studentNr, realname) values ('timkogelman', 's1359509', 'Tim Kogelman');
insert into student (sid, studentNr, realname) values ('Tjoep', 's1507028', 'Joep Mulder');
insert into student (sid, studentNr, realname) values ('victorlap', 's1446045', 'Victor Lap');
insert into student (sid, studentNr, realname) values ('ViriJay', 's1339370', 'Viradj Jainandunsing');
insert into student (sid, studentNr, realname) values ('Vosveinard', 's1471376', 'Reinard Beekman');
insert into student (sid, studentNr, realname) values ('Walnoot', 's1492454', 'Michiel Bakker');
insert into student (sid, studentNr, realname) values ('willemsiers', 's1424661', 'Willem Siers');
insert into student (sid, studentNr, realname) values ('wimpieboy', 's1503251', 'Wim Florijn');
insert into student (sid, studentNr, realname) values ('wowditi', 's1478494', 'Niels Geuze');
insert into student (sid, studentNr, realname) values ('ymijsters', 's1499459', 'Yannick Mijsters');
insert into student (sid, studentNr, realname) values ('YorickBosch', 's1380109', 'Yorick Bosch');
insert into student (sid, studentNr, realname) values ('di00', 'group00', 'Klaas, Maurice, Djoerd, Luis');
insert into student (sid, studentNr) values ('di01', 'group01');
insert into student (sid, studentNr) values ('di02', 'group02');
insert into student (sid, studentNr) values ('di03', 'group03');
insert into student (sid, studentNr) values ('di04', 'group04');
insert into student (sid, studentNr) values ('di05', 'group05');
insert into student (sid, studentNr) values ('di06', 'group06');
insert into student (sid, studentNr) values ('di07', 'group07');
insert into student (sid, studentNr) values ('di08', 'group08');
insert into student (sid, studentNr) values ('di09', 'group09');
insert into student (sid, studentNr) values ('di10', 'group10');
insert into student (sid, studentNr) values ('di11', 'group11');
insert into student (sid, studentNr) values ('di13', 'group13');
insert into student (sid, studentNr) values ('di14', 'group14');
insert into student (sid, studentNr) values ('di15', 'group15');
insert into student (sid, studentNr) values ('di16', 'group16');
insert into student (sid, studentNr) values ('di17', 'group17');
insert into student (sid, studentNr) values ('di18', 'group18');
insert into student (sid, studentNr) values ('di20', 'group20');
-- assignments
insert into assignment (aid, cid, title, description) values ('assign01', 'assign-di', 'Assignment 1', 'Introduction');
insert into assignment (aid, cid, title, description) values ('assign02', 'assign-di', 'Assignment 2', 'Requirements and Class diagrams');
insert into assignment (aid, cid, title, description) values ('assign03', 'assign-di', 'Assignment 3', 'Database design and SQL');
insert into assignment (aid, cid, title, description) values ('assign04', 'assign-di', 'Assignment 4', 'Web Programming 1');
insert into assignment (aid, cid, title, description) values ('assign05', 'assign-di', 'Assignment 5', 'Web Programming 2');
insert into assignment (aid, cid, title, description) values ('assign06', 'assign-di', 'Assignment 6', 'Triggers and transactions');
insert into assignment (aid, cid, title, description) values ('assign07', 'assign-di', 'Assignment 7', 'XML and XQuery');
insert into assignment (aid, cid, title, description) values ('assign09', 'assign-di', 'Assignment 8', 'RDF and Sparql');
insert into assignment (aid, cid, title, description) values ('assign08', 'assign-di', 'Assignment 9', 'Security');
insert into assignment (aid, cid, title, description) values ('level01', 'utwente-di', 'Task 1', 'Git and git branching');
insert into assignment (aid, cid, title, description) values ('level02', 'utwente-di', 'Task 2', 'Trello');
insert into assignment (aid, cid, title, description) values ('level03', 'utwente-di', 'Task 3', 'Scrum standup meetings');
insert into assignment (aid, cid, title, description) values ('level04', 'utwente-di', 'Task 4', 'Project description');
insert into assignment (aid, cid, title, description) values ('level05', 'utwente-di', 'Task 5', 'Use Case diagram');
insert into assignment (aid, cid, title, description) values ('level06', 'utwente-di', 'Task 6', 'Class diagram');
insert into assignment (aid, cid, title, description) values ('level07', 'utwente-di', 'Task 7', 'SQL database design');
insert into assignment (aid, cid, title, description) values ('level08', 'utwente-di', 'Task 8', 'Mockup');
insert into assignment (aid, cid, title, description) values ('level09', 'utwente-di', 'Task 9', 'Sprint review meetings');
insert into assignment (aid, cid, title, description) values ('level10', 'utwente-di', 'Task 10', 'Sprint evaluation and planning');
insert into assignment (aid, cid, title, description) values ('level11', 'utwente-di', 'Task 11', 'Maven and Java Web Archive');
insert into assignment (aid, cid, title, description) values ('level12', 'utwente-di', 'Task 12', 'Unit tests');
insert into assignment (aid, cid, title, description) values ('level13', 'utwente-di', 'Task 13', 'Test-driven development');
insert into assignment (aid, cid, title, description) values ('level14', 'utwente-di', 'Task 14', 'JSP and Servlets');
insert into assignment (aid, cid, title, description) values ('level15', 'utwente-di', 'Task 15', 'RESTful web services');
insert into assignment (aid, cid, title, description) values ('level16', 'utwente-di', 'Task 16', 'JDBC');
insert into assignment (aid, cid, title, description) values ('level17', 'utwente-di', 'Task 17', 'CSS framework');
insert into assignment (aid, cid, title, description) values ('level18', 'utwente-di', 'Task 18', 'Login facilities');
insert into assignment (aid, cid, title, description) values ('level19', 'utwente-di', 'Task 19', 'Team work');
insert into assignment (aid, cid, title, description) values ('level20', 'utwente-di', 'Task 20', 'Tomcat deployment');
insert into assignment (aid, cid, title, description) values ('level21', 'utwente-di', 'Task 21', 'Ethical guidelines');
insert into assignment (aid, cid, title, description) values ('level22', 'utwente-di', 'Task 22', 'Security analysis');
insert into assignment (aid, cid, title, description) values ('level23', 'utwente-di', 'Task 23', 'Database transactions');
-- professor
insert into professor (pid, name) values ('dietje', 'Prof. Dietje');
-- submits
insert into submits (aid, sid, pid, request_date, feedback_date, grade, feedback) values ('assign01', 'djoerd', 'dietje', '2014-02-14 20:24:12', '2014-02-14 20:42:53', 8.2, 'Prof. Dietje says: Welcome djoerd.
I will grade your results for assign01
1.1 ok
1.2 ok');
insert into submits (aid, sid, pid, request_date) values ('assign01', 'lferreirapires', 'dietje', '2014-02-14 20:36:57');
insert into submits (aid, sid, pid, request_date) values ('assign02', 'lferreirapires', 'dietje', '2014-02-14 20:41:42');
insert into submits (aid, sid, pid, request_date) values ('assign01', '11gamer11', 'dietje', '2014-04-23 17:36:57');
insert into submits (aid, sid, pid, request_date) values ('assign01', 'aaronjoshua1995', 'dietje', '2014-04-23 17:36:57');
insert into submits (aid, sid, pid, request_date) values ('assign01', 'Abby1095', 'dietje', '2014-04-23 17:36:57');
insert into submits (aid, sid, pid, request_date) values ('assign01', 'Aedesymen', 'dietje', '2014-04-23 17:36:57');
insert into submits (aid, sid, pid, request_date) values ('assign01', 'Appeljus', 'dietje', '2014-04-23 17:36:57');
insert into submits (aid, sid, pid, request_date) values ('assign01', 'AxelVugts', 'dietje', '2014-04-23 17:36:57');
insert into submits (aid, sid, pid, request_date) values ('assign01', 'Bash-', 'dietje', '2014-04-23 17:36:57');
insert into submits (aid, sid, pid, request_date) values ('assign01', 'basUT', 'dietje', '2014-04-23 17:36:57');
insert into submits (aid, sid, pid, request_date) values ('assign01', 'bcvs', 'dietje', '2014-04-23 17:36:57');
insert into submits (aid, sid, pid, request_date) values ('assign01', 'bjorngoossens', 'dietje', '2014-04-23 17:36:57');
insert into submits (aid, sid, pid, request_date) values ('assign01', 'bobismijnnaam', 'dietje', '2014-04-23 17:36:57');
insert into submits (aid, sid, pid, request_date) values ('assign01', 'CamilioD', 'dietje', '2014-04-23 17:36:57');
insert into submits (aid, sid, pid, request_date) values ('assign01', 'christianversloot', 'dietje', '2014-04-23 17:36:57');
insert into submits (aid, sid, pid, request_date) values ('assign01', 'ChrisVasShiver', 'dietje', '2014-04-23 17:36:57');
insert into submits (aid, sid, pid, request_date) values ('assign01', 'CrossMark', 'dietje', '2014-04-23 17:36:57');
insert into submits (aid, sid, pid, request_date) values ('assign01', 'DennisdeW', 'dietje', '2014-04-23 17:36:57');
insert into submits (aid, sid, pid, request_date) values ('assign01', 'Dikkeboshond', 'dietje', '2014-04-23 17:36:57');
insert into submits (aid, sid, pid, request_date) values ('assign01', 'Djekkoo', 'dietje', '2014-04-23 17:36:57');
insert into submits (aid, sid, pid, request_date) values ('assign01', 'dylanye', 'dietje', '2014-04-23 17:36:57');
insert into submits (aid, sid, pid, request_date) values ('assign01', 'emielsteerneman', 'dietje', '2014-04-23 17:36:57');
insert into submits (aid, sid, pid, request_date) values ('assign01', 'Ertruby', 'dietje', '2014-04-23 17:36:57');
insert into submits (aid, sid, pid, request_date) values ('assign01', 'exofes', 'dietje', '2014-04-23 17:36:57');
insert into submits (aid, sid, pid, request_date) values ('assign01', 'Fireblade75', 'dietje', '2014-04-23 17:36:57');
insert into submits (aid, sid, pid, request_date) values ('assign01', 'flomatable', 'dietje', '2014-04-23 17:36:57');
insert into submits (aid, sid, pid, request_date) values ('assign01', 'FlorianFFF', 'dietje', '2014-04-23 17:36:57');
insert into submits (aid, sid, pid, request_date) values ('assign01', 'fluffy-unicorn', 'dietje', '2014-04-23 17:36:57');
insert into submits (aid, sid, pid, request_date) values ('assign01', 'FrankBloo', 'dietje', '2014-04-23 17:36:57');
insert into submits (aid, sid, pid, request_date) values ('assign01', 'FrankRuis', 'dietje', '2014-04-23 17:36:57');
insert into submits (aid, sid, pid, request_date) values ('assign01', 'FrostingNL', 'dietje', '2014-04-23 17:36:57');
insert into submits (aid, sid, pid, request_date) values ('assign01', 'Fullhdpixel', 'dietje', '2014-04-23 17:36:57');
insert into submits (aid, sid, pid, request_date) values ('assign01', 'GerwinP', 'dietje', '2014-04-23 17:36:57');
insert into submits (aid, sid, pid, request_date) values ('assign01', 'HuubvanWieren', 'dietje', '2014-04-23 17:36:57');
insert into submits (aid, sid, pid, request_date) values ('assign01', 'Inf1n1te', 'dietje', '2014-04-23 17:36:57');
insert into submits (aid, sid, pid, request_date) values ('assign01', 'IrisRobin', 'dietje', '2014-04-23 17:36:57');
insert into submits (aid, sid, pid, request_date) values ('assign01', 'Jannyboy11', 'dietje', '2014-04-23 17:36:57');
insert into submits (aid, sid, pid, request_date) values ('assign01', 'JB940', 'dietje', '2014-04-23 17:36:57');
insert into submits (aid, sid, pid, request_date) values ('assign01', 'jeroenrad', 'dietje', '2014-04-23 17:36:57');
insert into submits (aid, sid, pid, request_date) values ('assign01', 'joerikock', 'dietje', '2014-04-23 17:36:57');
insert into submits (aid, sid, pid, request_date) values ('assign01', 'JoeyJo0', 'dietje', '2014-04-23 17:36:57');
insert into submits (aid, sid, pid, request_date) values ('assign01', 'Joozie', 'dietje', '2014-04-23 17:36:57');
insert into submits (aid, sid, pid, request_date) values ('assign01', 'Josje1993', 'dietje', '2014-04-23 17:36:57');
insert into submits (aid, sid, pid, request_date) values ('assign01', 'Jurjenbraam', 'dietje', '2014-04-23 17:36:57');
insert into submits (aid, sid, pid, request_date) values ('assign01', 'KevKev1', 'dietje', '2014-04-23 17:36:57');
insert into submits (aid, sid, pid, request_date) values ('assign01', 'kimberlyh', 'dietje', '2014-04-23 17:36:57');
insert into submits (aid, sid, pid, request_date) values ('assign01', 'Kurocon', 'dietje', '2014-04-23 17:36:57');
insert into submits (aid, sid, pid, request_date) values ('assign01', 'Lampen12', 'dietje', '2014-04-23 17:36:57');
insert into submits (aid, sid, pid, request_date) values ('assign01', 'LaurensRouw', 'dietje', '2014-04-23 17:36:57');
insert into submits (aid, sid, pid, request_date) values ('assign01', 'Magnificus36', 'dietje', '2014-04-23 17:36:57');
insert into submits (aid, sid, pid, request_date) values ('assign01', 'MartijnVerkleij', 'dietje', '2014-04-23 17:36:57');
insert into submits (aid, sid, pid, request_date) values ('assign01', 'Martinootje', 'dietje', '2014-04-23 17:36:57');
insert into submits (aid, sid, pid, request_date) values ('assign01', 'michielham', 'dietje', '2014-04-23 17:36:57');
insert into submits (aid, sid, pid, request_date) values ('assign01', 'michieltebraake', 'dietje', '2014-04-23 17:36:57');
insert into submits (aid, sid, pid, request_date) values ('assign01', 'm-willemsen', 'dietje', '2014-04-23 17:36:57');
insert into submits (aid, sid, pid, request_date) values ('assign01', 'naemesis', 'dietje', '2014-04-23 17:36:57');
insert into submits (aid, sid, pid, request_date) values ('assign01', 'nickkruiter', 'dietje', '2014-04-23 17:36:57');
insert into submits (aid, sid, pid, request_date) values ('assign01', 'NicoleOonk', 'dietje', '2014-04-23 17:36:57');
insert into submits (aid, sid, pid, request_date) values ('assign01', 'Niomaster', 'dietje', '2014-04-23 17:36:57');
insert into submits (aid, sid, pid, request_date) values ('assign01', 'OlafHaalstra', 'dietje', '2014-04-23 17:36:57');
insert into submits (aid, sid, pid, request_date) values ('assign01', 'paulafelix', 'dietje', '2014-04-23 17:36:57');
insert into submits (aid, sid, pid, request_date) values ('assign01', 'Pietvergiet', 'dietje', '2014-04-23 17:36:57');
insert into submits (aid, sid, pid, request_date) values ('assign01', 'Plan1130', 'dietje', '2014-04-23 17:36:57');
insert into submits (aid, sid, pid, request_date) values ('assign01', 'QWolf', 'dietje', '2014-04-23 17:36:57');
insert into submits (aid, sid, pid, request_date) values ('assign01', 'ramononis', 'dietje', '2014-04-23 17:36:57');
insert into submits (aid, sid, pid, request_date) values ('assign01', 'reaxer', 'dietje', '2014-04-23 17:36:57');
insert into submits (aid, sid, pid, request_date) values ('assign01', 'remcconen', 'dietje', '2014-04-23 17:36:57');
insert into submits (aid, sid, pid, request_date) values ('assign01', 'ReneNijhuis', 'dietje', '2014-04-23 17:36:57');
insert into submits (aid, sid, pid, request_date) values ('assign01', 'rensdikkepens', 'dietje', '2014-04-23 17:36:57');
insert into submits (aid, sid, pid, request_date) values ('assign01', 'Reycs', 'dietje', '2014-04-23 17:36:57');
insert into submits (aid, sid, pid, request_date) values ('assign01', 'RickH18', 'dietje', '2014-04-23 17:36:57');
insert into submits (aid, sid, pid, request_date) values ('assign01', 'RobvEmous', 'dietje', '2014-04-23 17:36:57');
insert into submits (aid, sid, pid, request_date) values ('assign01', 'rubengrootroessink', 'dietje', '2014-04-23 17:36:57');
insert into submits (aid, sid, pid, request_date) values ('assign01', 'sjoewert300', 'dietje', '2014-04-23 17:36:57');
insert into submits (aid, sid, pid, request_date) values ('assign01', 'Sophietje', 'dietje', '2014-04-23 17:36:57');
insert into submits (aid, sid, pid, request_date) values ('assign01', 'Squarion', 'dietje', '2014-04-23 17:36:57');
insert into submits (aid, sid, pid, request_date) values ('assign01', 'stefaniestevens', 'dietje', '2014-04-23 17:36:57');
insert into submits (aid, sid, pid, request_date) values ('assign01', 'StephanMB', 'dietje', '2014-04-23 17:36:57');
insert into submits (aid, sid, pid, request_date) values ('assign01', 'suodeth', 'dietje', '2014-04-23 17:36:57');
insert into submits (aid, sid, pid, request_date) values ('assign01', 'swordiemen', 'dietje', '2014-04-23 17:36:57');
insert into submits (aid, sid, pid, request_date) values ('assign01', 'Telluur', 'dietje', '2014-04-23 17:36:57');
insert into submits (aid, sid, pid, request_date) values ('assign01', 'thierry-sterrenburg', 'dietje', '2014-04-23 17:36:57');
insert into submits (aid, sid, pid, request_date) values ('assign01', 'Thommie94boy', 'dietje', '2014-04-23 17:36:57');
insert into submits (aid, sid, pid, request_date) values ('assign01', 'Tim108', 'dietje', '2014-04-23 17:36:57');
insert into submits (aid, sid, pid, request_date) values ('assign01', 'timkogelman', 'dietje', '2014-04-23 17:36:57');
insert into submits (aid, sid, pid, request_date) values ('assign01', 'Tjoep', 'dietje', '2014-04-23 17:36:57');
insert into submits (aid, sid, pid, request_date) values ('assign01', 'victorlap', 'dietje', '2014-04-23 17:36:57');
insert into submits (aid, sid, pid, request_date) values ('assign01', 'ViriJay', 'dietje', '2014-04-23 17:36:57');
insert into submits (aid, sid, pid, request_date) values ('assign01', 'Vosveinard', 'dietje', '2014-04-23 17:36:57');
insert into submits (aid, sid, pid, request_date) values ('assign01', 'Walnoot', 'dietje', '2014-04-23 17:36:57');
insert into submits (aid, sid, pid, request_date) values ('assign01', 'willemsiers', 'dietje', '2014-04-23 17:36:57');
insert into submits (aid, sid, pid, request_date) values ('assign01', 'wimpieboy', 'dietje', '2014-04-23 17:36:57');
insert into submits (aid, sid, pid, request_date) values ('assign01', 'wowditi', 'dietje', '2014-04-23 17:36:57');
insert into submits (aid, sid, pid, request_date) values ('assign01', 'ymijsters', 'dietje', '2014-04-23 17:36:57');
insert into submits (aid, sid, pid, request_date) values ('assign01', 'YorickBosch', 'dietje', '2014-04-23 17:36:57');
insert into submits (aid, sid, pid, request_date, feedback_date, grade) values ('level01', 'di00', 'dietje', '2014-02-14 20:42:01', '2014-02-14 20:42:01', 7.6);
insert into submits (aid, sid, pid, request_date, feedback_date, grade) values ('level02', 'di00', 'dietje', '2014-02-14 20:43:01', '2014-02-14 20:43:02', 8.3);
insert into submits (aid, sid, pid, request_date) values ('level01', 'di01', 'dietje', '2014-02-14 20:42:01');
insert into submits (aid, sid, pid, request_date) values ('level01', 'di02', 'dietje', '2014-02-14 20:42:01');
insert into submits (aid, sid, pid, request_date) values ('level01', 'di03', 'dietje', '2014-02-14 20:42:01');
insert into submits (aid, sid, pid, request_date) values ('level01', 'di04', 'dietje', '2014-02-14 20:42:01');
insert into submits (aid, sid, pid, request_date) values ('level01', 'di05', 'dietje', '2014-02-14 20:42:01');
insert into submits (aid, sid, pid, request_date) values ('level01', 'di06', 'dietje', '2014-02-14 20:42:01');
insert into submits (aid, sid, pid, request_date) values ('level01', 'di07', 'dietje', '2014-02-14 20:42:01');
insert into submits (aid, sid, pid, request_date) values ('level01', 'di08', 'dietje', '2014-02-14 20:42:01');
insert into submits (aid, sid, pid, request_date) values ('level01', 'di09', 'dietje', '2014-02-14 20:42:01');
insert into submits (aid, sid, pid, request_date) values ('level01', 'di10', 'dietje', '2014-02-14 20:42:01');
insert into submits (aid, sid, pid, request_date) values ('level01', 'di11', 'dietje', '2014-02-14 20:42:01');
insert into submits (aid, sid, pid, request_date) values ('level01', 'di13', 'dietje', '2014-02-14 20:42:01');
insert into submits (aid, sid, pid, request_date) values ('level01', 'di14', 'dietje', '2014-02-14 20:42:01');
insert into submits (aid, sid, pid, request_date) values ('level01', 'di15', 'dietje', '2014-02-14 20:42:01');
insert into submits (aid, sid, pid, request_date) values ('level01', 'di16', 'dietje', '2014-02-14 20:42:01');
insert into submits (aid, sid, pid, request_date) values ('level01', 'di17', 'dietje', '2014-02-14 20:42:01');
insert into submits (aid, sid, pid, request_date) values ('level01', 'di18', 'dietje', '2014-02-14 20:42:01');
insert into submits (aid, sid, pid, request_date) values ('level01', 'di20', 'dietje', '2014-02-14 20:42:01');

